"";"numParish";"numDistrict";"SPOEabs";"OEVPabs";"FPOEabs";"GRUENEabs";"KPOEabs";"BZOEabs";"CPGabs";"PIRATabs";"ESKabs";"BBBabs";"WIRabs";"SPOErel";"OEVPrel";"FPOErel";"GRUENErel";"KPOErel";"BZOErel";"CPGrel";"PIRATrel";"ESKrel";"BBBrel";"WIRrel"
"1";101;1;43;104;32;45;85;8;1;18;1;0;0;12,7596439169139;30,8605341246291;9,49554896142433;13,353115727003;25,2225519287834;2,37388724035608;0,29673590504451;5,34124629080119;0,29673590504451;0;0
"12";102;1;41;113;46;71;88;3;1;21;0;1;2;10,594315245478;29,1989664082687;11,8863049095607;18,3462532299742;22,7390180878553;0,775193798449612;0,258397932816538;5,42635658914729;0;0,258397932816538;0,516795865633075
"23";103;1;33;129;41;60;86;5;2;16;0;0;1;8,84718498659517;34,5844504021448;10,9919571045576;16,0857908847185;23,0563002680965;1,34048257372654;0,536193029490617;4,28954423592493;0;0;0,268096514745308
"34";104;1;35;105;39;66;92;5;2;18;0;3;3;9,51086956521739;28,5326086956522;10,5978260869565;17,9347826086957;25;1,35869565217391;0,543478260869565;4,89130434782609;0;0,815217391304348;0,815217391304348
"45";201;2;43;125;48;49;91;6;2;14;0;0;2;11,3157894736842;32,8947368421053;12,6315789473684;12,8947368421053;23,9473684210526;1,57894736842105;0,526315789473684;3,68421052631579;0;0;0,526315789473684
"56";202;2;55;164;54;66;112;2;3;20;0;1;2;11,482254697286;34,2379958246347;11,2734864300626;13,7787056367432;23,3820459290188;0,417536534446764;0,626304801670146;4,17536534446764;0;0,208768267223382;0,417536534446764
"67";203;2;60;134;52;59;80;5;1;14;1;2;1;14,6699266503667;32,7628361858191;12,7139364303178;14,4254278728606;19,559902200489;1,22249388753056;0,244498777506112;3,42298288508557;0,244498777506112;0,488997555012225;0,244498777506112
"78";204;2;42;133;43;94;82;0;2;22;4;5;1;9,81308411214953;31,0747663551402;10,0467289719626;21,9626168224299;19,1588785046729;0;0,467289719626168;5,14018691588785;0,934579439252336;1,16822429906542;0,233644859813084
"89";205;2;44;144;36;66;87;4;3;12;2;0;0;11,0552763819095;36,1809045226131;9,04522613065327;16,5829145728643;21,8592964824121;1,00502512562814;0,753768844221105;3,01507537688442;0,50251256281407;0;0
"100";206;2;37;145;32;97;100;3;3;24;0;3;0;8,33333333333333;32,6576576576577;7,20720720720721;21,8468468468468;22,5225225225225;0,675675675675676;0,675675675675676;5,40540540540541;0;0,675675675675676;0
"111";207;2;42;139;39;107;78;3;2;12;2;0;0;9,90566037735849;32,7830188679245;9,19811320754717;25,2358490566038;18,3962264150943;0,707547169811321;0,471698113207547;2,83018867924528;0,471698113207547;0;0
"122";208;2;42;143;32;115;107;4;2;17;1;1;0;9,05172413793103;30,8189655172414;6,89655172413793;24,7844827586207;23,0603448275862;0,862068965517241;0,431034482758621;3,66379310344828;0,21551724137931;0,21551724137931;0
"133";209;2;48;175;47;50;79;4;3;17;0;1;0;11,3207547169811;41,2735849056604;11,0849056603774;11,7924528301887;18,6320754716981;0,943396226415094;0,707547169811321;4,00943396226415;0;0,235849056603774;0
"144";210;2;42;129;40;102;94;3;2;16;2;2;0;9,72222222222222;29,8611111111111;9,25925925925926;23,6111111111111;21,7592592592593;0,694444444444444;0,462962962962963;3,7037037037037;0,462962962962963;0,462962962962963;0
"155";211;2;41;147;33;71;78;5;2;13;3;1;1;10,379746835443;37,2151898734177;8,35443037974684;17,9746835443038;19,746835443038;1,26582278481013;0,506329113924051;3,29113924050633;0,759493670886076;0,253164556962025;0,253164556962025
"166";212;2;40;117;33;58;100;3;3;14;1;0;0;10,840108401084;31,7073170731707;8,94308943089431;15,7181571815718;27,10027100271;0,813008130081301;0,813008130081301;3,7940379403794;0,2710027100271;0;0
"177";213;2;38;124;28;103;87;5;0;21;3;1;1;9,24574209245742;30,1703163017032;6,81265206812652;25,0608272506083;21,1678832116788;1,21654501216545;0;5,10948905109489;0,72992700729927;0,24330900243309;0,24330900243309
"188";214;2;34;142;29;95;109;4;4;30;2;0;1;7,55555555555556;31,5555555555556;6,44444444444444;21,1111111111111;24,2222222222222;0,888888888888889;0,888888888888889;6,66666666666667;0,444444444444444;0;0,222222222222222
"199";215;2;31;182;23;37;45;3;6;12;0;0;0;9,14454277286136;53,6873156342183;6,78466076696165;10,9144542772861;13,2743362831858;0,884955752212389;1,76991150442478;3,53982300884956;0;0;0
"210";301;3;39;145;28;59;75;7;1;16;0;1;3;10,427807486631;38,7700534759358;7,48663101604278;15,7754010695187;20,0534759358289;1,8716577540107;0,267379679144385;4,27807486631016;0;0,267379679144385;0,802139037433155
"221";302;3;24;99;29;86;93;5;2;14;2;1;1;6,74157303370786;27,8089887640449;8,14606741573034;24,1573033707865;26,123595505618;1,40449438202247;0,561797752808989;3,93258426966292;0,561797752808989;0,280898876404494;0,280898876404494
"232";303;3;38;142;21;69;60;3;1;15;0;1;1;10,8262108262108;40,4558404558405;5,98290598290598;19,6581196581197;17,0940170940171;0,854700854700855;0,284900284900285;4,27350427350427;0;0,284900284900285;0,284900284900285
"243";304;3;42;136;38;60;67;5;2;10;0;2;1;11,5702479338843;37,465564738292;10,4683195592287;16,5289256198347;18,4573002754821;1,37741046831956;0,550964187327824;2,75482093663912;0;0,550964187327824;0,275482093663912
"254";305;3;51;131;48;72;72;5;2;19;1;1;2;12,6237623762376;32,4257425742574;11,8811881188119;17,8217821782178;17,8217821782178;1,23762376237624;0,495049504950495;4,7029702970297;0,247524752475248;0,247524752475248;0,495049504950495
"265";306;3;29;189;41;64;75;3;2;12;2;2;1;6,90476190476191;45;9,76190476190476;15,2380952380952;17,8571428571429;0,714285714285714;0,476190476190476;2,85714285714286;0,476190476190476;0,476190476190476;0,238095238095238
"276";307;3;40;120;28;95;88;6;5;5;0;1;0;10,3092783505155;30,9278350515464;7,21649484536082;24,4845360824742;22,680412371134;1,54639175257732;1,28865979381443;1,28865979381443;0;0,257731958762887;0
"287";308;3;54;126;34;75;97;8;0;14;0;1;0;13,2029339853301;30,8068459657702;8,31295843520782;18,3374083129584;23,7163814180929;1,9559902200489;0;3,42298288508557;0;0,244498777506112;0
"298";309;3;31;157;37;89;73;0;1;18;0;0;2;7,59803921568627;38,4803921568627;9,06862745098039;21,8137254901961;17,8921568627451;0;0,245098039215686;4,41176470588235;0;0;0,490196078431373
"309";310;3;33;124;47;92;79;2;4;14;0;1;0;8,33333333333333;31,3131313131313;11,8686868686869;23,2323232323232;19,949494949495;0,505050505050505;1,01010101010101;3,53535353535354;0;0,252525252525253;0
"320";311;3;41;242;42;58;75;2;1;12;0;1;1;8,63157894736842;50,9473684210526;8,84210526315789;12,2105263157895;15,7894736842105;0,421052631578947;0,210526315789474;2,52631578947368;0;0,210526315789474;0,210526315789474
"331";312;3;39;147;43;52;74;1;3;12;4;2;0;10,3448275862069;38,9920424403183;11,4058355437666;13,7931034482759;19,6286472148541;0,26525198938992;0,795755968169761;3,18302387267904;1,06100795755968;0,530503978779841;0
"342";313;3;41;145;33;92;95;4;6;18;0;0;1;9,42528735632184;33,3333333333333;7,58620689655172;21,1494252873563;21,8390804597701;0,919540229885057;1,37931034482759;4,13793103448276;0;0;0,229885057471264
"353";314;3;49;138;49;84;79;2;2;11;0;0;1;11,8072289156626;33,2530120481928;11,8072289156626;20,2409638554217;19,0361445783133;0,481927710843374;0,481927710843374;2,65060240963855;0;0;0,240963855421687
"364";315;3;35;154;44;89;106;8;1;25;1;1;6;7,4468085106383;32,7659574468085;9,36170212765957;18,936170212766;22,5531914893617;1,70212765957447;0,212765957446809;5,31914893617021;0,212765957446809;0,212765957446809;1,27659574468085
"375";316;3;31;125;34;74;78;0;1;12;0;1;2;8,65921787709497;34,9162011173184;9,49720670391061;20,6703910614525;21,7877094972067;0;0,279329608938547;3,35195530726257;0;0,279329608938547;0,558659217877095
"386";317;3;58;199;50;89;109;2;1;20;0;0;2;10,9433962264151;37,5471698113208;9,43396226415094;16,7924528301887;20,5660377358491;0,377358490566038;0,188679245283019;3,77358490566038;0;0;0,377358490566038
"397";318;3;43;130;28;55;85;5;0;8;0;0;0;12,1468926553672;36,7231638418079;7,90960451977401;15,5367231638418;24,0112994350282;1,41242937853107;0;2,25988700564972;0;0;0
"408";319;3;56;120;37;71;80;5;1;19;1;1;2;14,2493638676845;30,5343511450382;9,4147582697201;18,0661577608142;20,3562340966921;1,27226463104326;0,254452926208651;4,83460559796438;0,254452926208651;0,254452926208651;0,508905852417303
"419";320;3;57;118;45;36;87;3;3;10;1;4;2;15,5737704918033;32,2404371584699;12,2950819672131;9,83606557377049;23,7704918032787;0,819672131147541;0,819672131147541;2,73224043715847;0,273224043715847;1,09289617486339;0,546448087431694
"430";321;3;50;164;49;87;93;2;3;8;6;0;0;10,8225108225108;35,4978354978355;10,6060606060606;18,8311688311688;20,1298701298701;0,432900432900433;0,649350649350649;1,73160173160173;1,2987012987013;0;0
"441";322;3;58;120;37;35;97;3;3;15;3;1;0;15,5913978494624;32,258064516129;9,94623655913978;9,40860215053763;26,0752688172043;0,806451612903226;0,806451612903226;4,03225806451613;0,806451612903226;0,268817204301075;0
"452";323;3;59;138;49;54;94;6;5;14;1;2;2;13,9150943396226;32,5471698113208;11,5566037735849;12,7358490566038;22,1698113207547;1,41509433962264;1,17924528301887;3,30188679245283;0,235849056603774;0,471698113207547;0,471698113207547
"463";324;3;55;126;44;43;53;7;3;9;1;1;1;16,0349854227405;36,734693877551;12,8279883381924;12,536443148688;15,4518950437318;2,04081632653061;0,87463556851312;2,62390670553936;0,291545189504373;0,291545189504373;0,291545189504373
"474";401;4;50;102;13;61;91;5;0;14;0;0;0;14,8809523809524;30,3571428571429;3,86904761904762;18,1547619047619;27,0833333333333;1,48809523809524;0;4,16666666666667;0;0;0
"485";402;4;41;78;34;81;101;2;1;10;0;1;0;11,7478510028653;22,3495702005731;9,74212034383954;23,2091690544413;28,9398280802292;0,573065902578797;0,286532951289398;2,86532951289398;0;0,286532951289398;0
"496";403;4;32;71;30;41;79;1;0;10;0;1;1;12,0300751879699;26,6917293233083;11,2781954887218;15,4135338345865;29,6992481203008;0,37593984962406;0;3,7593984962406;0;0,37593984962406;0,37593984962406
"507";404;4;51;136;47;61;106;4;2;10;1;0;0;12,200956937799;32,5358851674641;11,244019138756;14,5933014354067;25,3588516746411;0,956937799043062;0,478468899521531;2,39234449760766;0,239234449760766;0;0
"518";405;4;55;63;40;34;41;5;1;6;0;1;0;22,3577235772358;25,609756097561;16,260162601626;13,8211382113821;16,6666666666667;2,03252032520325;0,40650406504065;2,4390243902439;0;0,40650406504065;0
"529";406;4;55;58;40;46;79;0;1;11;1;0;0;18,9003436426117;19,9312714776632;13,745704467354;15,807560137457;27,1477663230241;0;0,343642611683849;3,78006872852234;0,343642611683849;0;0
"540";407;4;72;64;71;11;65;4;1;4;0;1;0;24,5733788395904;21,8430034129693;24,2320819112628;3,7542662116041;22,1843003412969;1,36518771331058;0,341296928327645;1,36518771331058;0;0,341296928327645;0
"551";408;4;110;71;65;9;59;5;1;7;0;1;0;33,5365853658537;21,6463414634146;19,8170731707317;2,74390243902439;17,9878048780488;1,52439024390244;0,304878048780488;2,13414634146341;0;0,304878048780488;0
"562";409;4;116;54;63;4;44;6;1;5;0;0;1;39,4557823129252;18,3673469387755;21,4285714285714;1,36054421768707;14,9659863945578;2,04081632653061;0,340136054421769;1,70068027210884;0;0;0,340136054421769
"573";410;4;94;104;75;54;95;7;1;6;0;1;4;21,3151927437642;23,5827664399093;17,0068027210884;12,2448979591837;21,5419501133787;1,58730158730159;0,226757369614512;1,36054421768707;0;0,226757369614512;0,90702947845805
"584";411;4;65;125;77;26;76;4;1;7;1;1;1;16,9270833333333;32,5520833333333;20,0520833333333;6,77083333333333;19,7916666666667;1,04166666666667;0,260416666666667;1,82291666666667;0,260416666666667;0,260416666666667;0,260416666666667
"595";412;4;57;57;66;50;93;4;1;8;0;0;0;16,9642857142857;16,9642857142857;19,6428571428571;14,8809523809524;27,6785714285714;1,19047619047619;0,297619047619048;2,38095238095238;0;0;0
"606";413;4;39;58;38;55;93;1;2;8;0;0;0;13,265306122449;19,7278911564626;12,9251700680272;18,7074829931973;31,6326530612245;0,340136054421769;0,680272108843537;2,72108843537415;0;0;0
"617";414;4;76;61;79;14;72;3;0;5;0;0;1;24,4372990353698;19,6141479099678;25,4019292604502;4,5016077170418;23,1511254019293;0,964630225080386;0;1,60771704180064;0;0;0,321543408360129
"628";415;4;54;116;55;93;107;8;2;16;1;0;1;11,9205298013245;25,60706401766;12,1412803532009;20,5298013245033;23,6203090507726;1,76600441501104;0,441501103752759;3,53200883002207;0,22075055187638;0;0,22075055187638
"639";416;4;63;62;52;7;45;4;1;2;0;1;0;26,5822784810127;26,1603375527426;21,9409282700422;2,9535864978903;18,9873417721519;1,68776371308017;0,421940928270042;0,843881856540084;0;0,421940928270042;0
"650";417;4;47;81;47;21;45;5;2;4;1;0;2;18,4313725490196;31,7647058823529;18,4313725490196;8,23529411764706;17,6470588235294;1,96078431372549;0,784313725490196;1,56862745098039;0,392156862745098;0;0,784313725490196
"661";418;4;76;60;50;16;73;5;1;2;0;0;3;26,5734265734266;20,979020979021;17,4825174825175;5,59440559440559;25,5244755244755;1,74825174825175;0,34965034965035;0,699300699300699;0;0;1,04895104895105
"672";419;4;63;108;58;37;84;3;0;11;0;1;2;17,1662125340599;29,4277929155313;15,8038147138965;10,0817438692098;22,8882833787466;0,817438692098093;0;2,99727520435967;0;0,272479564032698;0,544959128065395
"683";420;4;48;65;47;31;78;7;1;7;0;0;1;16,8421052631579;22,8070175438596;16,4912280701754;10,8771929824561;27,3684210526316;2,45614035087719;0,350877192982456;2,45614035087719;0;0;0,350877192982456
"694";421;4;127;119;88;32;98;5;2;21;0;2;0;25,7085020242915;24,0890688259109;17,8137651821862;6,47773279352227;19,8380566801619;1,01214574898785;0,404858299595142;4,25101214574899;0;0,404858299595142;0
"705";422;4;52;77;25;54;77;6;2;6;1;0;0;17,3333333333333;25,6666666666667;8,33333333333333;18;25,6666666666667;2;0,666666666666667;2;0,333333333333333;0;0
"716";423;4;51;94;58;36;80;5;1;10;1;1;0;15,13353115727;27,893175074184;17,2106824925816;10,6824925816024;23,7388724035608;1,48367952522255;0,29673590504451;2,9673590504451;0,29673590504451;0,29673590504451;0
"727";424;4;53;98;49;16;80;3;1;13;0;0;2;16,8253968253968;31,1111111111111;15,5555555555556;5,07936507936508;25,3968253968254;0,952380952380952;0,317460317460317;4,12698412698413;0;0;0,634920634920635
"738";425;4;59;72;47;22;73;4;0;7;0;0;1;20,7017543859649;25,2631578947368;16,4912280701754;7,71929824561404;25,6140350877193;1,40350877192982;0;2,45614035087719;0;0;0,350877192982456
"749";426;4;56;148;83;42;86;6;1;12;1;1;0;12,8440366972477;33,9449541284404;19,0366972477064;9,63302752293578;19,7247706422018;1,37614678899083;0,229357798165138;2,75229357798165;0,229357798165138;0,229357798165138;0
"760";501;5;35;85;32;76;94;4;1;30;1;1;1;9,72222222222222;23,6111111111111;8,88888888888889;21,1111111111111;26,1111111111111;1,11111111111111;0,277777777777778;8,33333333333333;0,277777777777778;0,277777777777778;0,277777777777778
"771";502;5;26;95;35;77;103;3;0;28;1;0;2;7,02702702702703;25,6756756756757;9,45945945945946;20,8108108108108;27,8378378378378;0,810810810810811;0;7,56756756756757;0,27027027027027;0;0,540540540540541
"782";503;5;46;72;47;67;107;1;0;19;1;2;1;12,6721763085399;19,8347107438017;12,9476584022039;18,4573002754821;29,4765840220386;0,275482093663912;0;5,23415977961433;0,275482093663912;0,550964187327824;0,275482093663912
"793";504;5;39;70;34;47;80;1;1;10;0;0;1;13,7809187279152;24,7349823321555;12,0141342756184;16,6077738515901;28,2685512367491;0,353356890459364;0,353356890459364;3,53356890459364;0;0;0,353356890459364
"804";505;5;26;42;39;10;65;6;3;11;0;0;0;12,8712871287129;20,7920792079208;19,3069306930693;4,95049504950495;32,1782178217822;2,97029702970297;1,48514851485149;5,44554455445545;0;0;0
"815";506;5;37;72;38;36;59;0;0;15;3;1;1;14,1221374045802;27,4809160305344;14,5038167938931;13,7404580152672;22,5190839694656;0;0;5,72519083969466;1,14503816793893;0,381679389312977;0,381679389312977
"826";507;5;52;84;28;41;77;0;0;6;0;1;0;17,9930795847751;29,0657439446367;9,68858131487889;14,1868512110727;26,643598615917;0;0;2,07612456747405;0;0,346020761245675;0
"837";508;5;41;85;23;63;84;1;1;16;0;1;0;13,015873015873;26,984126984127;7,3015873015873;20;26,6666666666667;0,317460317460317;0,317460317460317;5,07936507936508;0;0,317460317460317;0
"848";509;5;33;55;21;33;55;2;1;6;0;0;0;16,0194174757282;26,6990291262136;10,1941747572816;16,0194174757282;26,6990291262136;0,970873786407767;0,485436893203883;2,9126213592233;0;0;0
"859";510;5;53;82;53;39;50;3;2;7;1;0;1;18,213058419244;28,1786941580756;18,213058419244;13,4020618556701;17,1821305841924;1,03092783505155;0,687285223367698;2,40549828178694;0,343642611683849;0;0,343642611683849
"870";511;5;68;77;64;34;86;2;4;4;0;0;0;20,0589970501475;22,7138643067847;18,8790560471976;10,0294985250737;25,3687315634218;0,589970501474926;1,17994100294985;1,17994100294985;0;0;0
"881";512;5;54;72;46;27;47;4;0;6;0;1;0;21,011673151751;28,0155642023346;17,8988326848249;10,5058365758755;18,2879377431907;1,55642023346304;0;2,33463035019455;0;0,389105058365759;0
"892";513;5;32;56;31;27;88;1;0;5;0;0;1;13,2780082987552;23,2365145228216;12,8630705394191;11,2033195020747;36,5145228215768;0,4149377593361;0;2,0746887966805;0;0;0,4149377593361
"903";514;5;42;139;59;12;52;8;1;3;1;0;4;13,0841121495327;43,3021806853583;18,380062305296;3,73831775700935;16,1993769470405;2,49221183800623;0,311526479750779;0,934579439252336;0,311526479750779;0;1,24610591900312
"914";515;5;41;70;32;5;78;3;1;5;0;1;0;17,3728813559322;29,6610169491525;13,5593220338983;2,11864406779661;33,0508474576271;1,27118644067797;0,423728813559322;2,11864406779661;0;0,423728813559322;0
"925";516;5;68;71;62;17;85;8;1;3;0;0;0;21,5873015873016;22,5396825396825;19,6825396825397;5,3968253968254;26,984126984127;2,53968253968254;0,317460317460317;0,952380952380952;0;0;0
"936";517;5;27;37;37;3;54;1;0;2;0;0;1;16,6666666666667;22,8395061728395;22,8395061728395;1,85185185185185;33,3333333333333;0,617283950617284;0;1,23456790123457;0;0;0,617283950617284
"947";518;5;63;96;68;22;68;3;2;4;0;2;0;19,2073170731707;29,2682926829268;20,7317073170732;6,70731707317073;20,7317073170732;0,914634146341463;0,609756097560976;1,21951219512195;0;0,609756097560976;0
"958";519;5;43;44;38;12;58;1;3;6;0;0;3;20,6730769230769;21,1538461538462;18,2692307692308;5,76923076923077;27,8846153846154;0,480769230769231;1,44230769230769;2,88461538461538;0;0;1,44230769230769
"969";520;5;45;35;57;6;92;6;0;5;0;0;0;18,2926829268293;14,2276422764228;23,1707317073171;2,4390243902439;37,3983739837398;2,4390243902439;0;2,03252032520325;0;0;0
"980";521;5;61;62;31;7;52;5;3;1;0;1;0;27,3542600896861;27,8026905829596;13,9013452914798;3,1390134529148;23,3183856502242;2,24215246636771;1,34529147982063;0,448430493273543;0;0,448430493273543;0
"991";522;5;71;68;47;9;63;4;0;3;0;0;0;26,7924528301887;25,6603773584906;17,7358490566038;3,39622641509434;23,7735849056604;1,50943396226415;0;1,13207547169811;0;0;0
"1002";523;5;81;70;63;11;67;5;0;5;0;0;0;26,8211920529801;23,1788079470199;20,8609271523179;3,64238410596026;22,1854304635762;1,65562913907285;0;1,65562913907285;0;0;0
"1013";524;5;42;55;42;5;67;4;1;3;0;2;0;19,0045248868778;24,8868778280543;19,0045248868778;2,26244343891403;30,316742081448;1,80995475113122;0,452488687782805;1,35746606334842;0;0,904977375565611;0
"1024";601;6;46;110;30;56;86;5;1;18;1;1;0;12,9943502824859;31,0734463276836;8,47457627118644;15,819209039548;24,2937853107345;1,41242937853107;0,282485875706215;5,08474576271187;0,282485875706215;0,282485875706215;0
"1035";602;6;32;95;32;67;96;4;1;18;2;0;1;9,19540229885057;27,2988505747126;9,19540229885057;19,2528735632184;27,5862068965517;1,14942528735632;0,28735632183908;5,17241379310345;0,574712643678161;0;0,28735632183908
"1046";603;6;43;117;33;86;114;8;1;21;3;0;0;10,093896713615;27,4647887323944;7,74647887323944;20,18779342723;26,7605633802817;1,87793427230047;0,234741784037559;4,92957746478873;0,704225352112676;0;0
"1057";604;6;31;93;24;58;112;0;2;14;0;1;2;9,19881305637982;27,5964391691395;7,12166172106825;17,2106824925816;33,2344213649852;0;0,593471810089021;4,15430267062314;0;0,29673590504451;0,593471810089021
"1068";605;6;37;133;47;76;117;5;3;10;3;1;0;8,56481481481481;30,787037037037;10,8796296296296;17,5925925925926;27,0833333333333;1,15740740740741;0,694444444444444;2,31481481481481;0,694444444444444;0,231481481481481;0
"1079";606;6;34;105;22;69;107;2;0;19;0;0;1;9,47075208913649;29,2479108635098;6,12813370473538;19,2200557103064;29,8050139275766;0,557103064066852;0;5,2924791086351;0;0;0,278551532033426
"1090";607;6;46;103;40;70;103;5;4;24;4;4;2;11,358024691358;25,4320987654321;9,87654320987654;17,2839506172839;25,4320987654321;1,23456790123457;0,987654320987654;5,92592592592593;0,987654320987654;0,987654320987654;0,493827160493827
"1101";608;6;50;110;24;70;103;5;2;11;0;1;0;13,2978723404255;29,2553191489362;6,38297872340426;18,6170212765957;27,3936170212766;1,32978723404255;0,531914893617021;2,92553191489362;0;0,265957446808511;0
"1112";609;6;59;92;39;72;90;3;0;14;0;1;0;15,9459459459459;24,8648648648649;10,5405405405405;19,4594594594595;24,3243243243243;0,810810810810811;0;3,78378378378378;0;0,27027027027027;0
"1123";610;6;33;101;44;54;71;3;0;12;1;1;0;10,3125;31,5625;13,75;16,875;22,1875;0,9375;0;3,75;0,3125;0,3125;0
"1134";611;6;53;99;31;78;103;9;1;14;1;3;1;13,4860050890585;25,1908396946565;7,88804071246819;19,8473282442748;26,2086513994911;2,29007633587786;0,254452926208651;3,56234096692112;0,254452926208651;0,763358778625954;0,254452926208651
"1145";612;6;53;82;31;59;102;1;1;20;2;0;0;15,0997150997151;23,3618233618234;8,83190883190883;16,8091168091168;29,0598290598291;0,284900284900285;0,284900284900285;5,6980056980057;0,56980056980057;0;0
"1156";613;6;34;89;42;35;78;3;5;6;1;0;0;11,6040955631399;30,3754266211604;14,3344709897611;11,9453924914676;26,6211604095563;1,02389078498294;1,70648464163823;2,04778156996587;0,341296928327645;0;0
"1167";614;6;42;68;37;27;73;0;1;6;4;1;0;16,2162162162162;26,2548262548263;14,2857142857143;10,4247104247104;28,1853281853282;0;0,386100386100386;2,31660231660232;1,54440154440154;0,386100386100386;0
"1178";615;6;61;107;45;54;72;5;3;12;1;0;1;16,8975069252078;29,6398891966759;12,4653739612188;14,9584487534626;19,9445983379501;1,38504155124654;0,831024930747922;3,32409972299169;0,277008310249307;0;0,277008310249307
"1189";616;6;39;128;61;51;86;4;2;13;0;0;3;10,077519379845;33,0749354005168;15,7622739018088;13,1782945736434;22,2222222222222;1,03359173126615;0,516795865633075;3,35917312661499;0;0;0,775193798449612
"1200";617;6;31;128;43;45;72;4;7;16;1;1;0;8,9080459770115;36,7816091954023;12,3563218390805;12,9310344827586;20,6896551724138;1,14942528735632;2,01149425287356;4,59770114942529;0,28735632183908;0,28735632183908;0
"1211";618;6;76;131;61;69;111;8;2;28;1;1;3;15,4786150712831;26,6802443991853;12,4236252545825;14,0529531568228;22,6069246435845;1,62932790224033;0,407331975560081;5,70264765784114;0,203665987780041;0,203665987780041;0,610997963340122
"1222";619;6;49;131;62;36;106;7;1;10;0;0;0;12,1890547263682;32,5870646766169;15,4228855721393;8,95522388059701;26,3681592039801;1,74129353233831;0,248756218905473;2,48756218905473;0;0;0
"1233";620;6;55;111;61;36;92;4;0;4;0;1;1;15,0684931506849;30,4109589041096;16,7123287671233;9,86301369863014;25,2054794520548;1,0958904109589;0;1,0958904109589;0;0,273972602739726;0,273972602739726
"1244";621;6;31;46;45;22;62;2;0;4;0;0;0;14,622641509434;21,6981132075472;21,2264150943396;10,377358490566;29,2452830188679;0,943396226415094;0;1,88679245283019;0;0;0
"1255";622;6;67;49;63;18;53;6;2;5;0;0;0;25,4752851711027;18,6311787072243;23,9543726235741;6,84410646387833;20,1520912547529;2,28136882129278;0,760456273764259;1,90114068441065;0;0;0
"1266";623;6;79;169;64;48;84;7;2;13;0;1;3;16,8085106382979;35,9574468085106;13,6170212765957;10,2127659574468;17,8723404255319;1,48936170212766;0,425531914893617;2,76595744680851;0;0,212765957446809;0,638297872340425
"1277";624;6;67;82;48;20;67;4;1;7;0;0;0;22,6351351351351;27,7027027027027;16,2162162162162;6,75675675675676;22,6351351351351;1,35135135135135;0,337837837837838;2,36486486486486;0;0;0
"1288";625;6;81;92;63;18;64;2;2;1;1;0;0;25;28,3950617283951;19,4444444444444;5,55555555555556;19,7530864197531;0,617283950617284;0,617283950617284;0,308641975308642;0,308641975308642;0;0
"1299";626;6;66;65;60;27;101;7;0;4;1;1;0;19,8795180722892;19,578313253012;18,0722891566265;8,13253012048193;30,421686746988;2,10843373493976;0;1,20481927710843;0,301204819277108;0,301204819277108;0
"1310";627;6;84;40;56;9;84;2;0;7;0;0;1;29,6819787985866;14,1342756183746;19,7879858657244;3,18021201413428;29,6819787985866;0,706713780918728;0;2,47349823321555;0;0;0,353356890459364
"1321";628;6;38;30;44;5;72;4;0;1;0;0;0;19,5876288659794;15,4639175257732;22,680412371134;2,57731958762887;37,1134020618557;2,06185567010309;0;0,515463917525773;0;0;0
"1332";629;6;40;40;45;14;80;3;2;5;0;0;0;17,4672489082969;17,4672489082969;19,6506550218341;6,11353711790393;34,9344978165939;1,31004366812227;0,873362445414847;2,18340611353712;0;0;0
"1343";630;6;69;75;62;10;77;8;0;3;1;0;0;22,6229508196721;24,5901639344262;20,327868852459;3,27868852459016;25,2459016393443;2,62295081967213;0;0,983606557377049;0,327868852459016;0;0
"1354";631;6;40;41;45;21;58;4;0;4;0;1;1;18,6046511627907;19,0697674418605;20,9302325581395;9,76744186046512;26,9767441860465;1,86046511627907;0;1,86046511627907;0;0,465116279069767;0,465116279069767
"1365";701;7;70;69;54;7;102;5;1;0;1;0;0;22,6537216828479;22,3300970873786;17,4757281553398;2,26537216828479;33,0097087378641;1,61812297734628;0,323624595469256;0;0,323624595469256;0;0
"1376";702;7;68;104;42;9;65;4;2;11;0;0;1;22,2222222222222;33,9869281045752;13,7254901960784;2,94117647058824;21,2418300653595;1,30718954248366;0,65359477124183;3,59477124183007;0;0;0,326797385620915
"1387";703;7;52;142;56;23;72;4;0;7;2;0;0;14,5251396648045;39,6648044692737;15,6424581005587;6,42458100558659;20,1117318435754;1,11731843575419;0;1,95530726256983;0,558659217877095;0;0
"1398";704;7;44;67;74;15;100;8;1;8;0;0;3;13,75;20,9375;23,125;4,6875;31,25;2,5;0,3125;2,5;0;0;0,9375
"1409";705;7;88;182;69;24;49;6;1;6;0;0;3;20,5607476635514;42,5233644859813;16,1214953271028;5,60747663551402;11,4485981308411;1,4018691588785;0,233644859813084;1,4018691588785;0;0;0,700934579439252
"1420";706;7;81;174;85;66;77;9;2;16;0;2;0;15,8203125;33,984375;16,6015625;12,890625;15,0390625;1,7578125;0,390625;3,125;0;0,390625;0
"1431";707;7;108;112;50;26;47;4;1;5;1;2;0;30,3370786516854;31,4606741573034;14,0449438202247;7,30337078651685;13,2022471910112;1,12359550561798;0,280898876404494;1,40449438202247;0,280898876404494;0,561797752808989;0
"1442";708;7;106;160;80;24;41;4;1;4;1;0;0;25,1781472684086;38,0047505938242;19,0023752969121;5,70071258907363;9,73871733966746;0,950118764845606;0,237529691211401;0,950118764845606;0,237529691211401;0;0
"1453";709;7;66;144;57;19;60;4;4;4;2;1;1;18,232044198895;39,7790055248619;15,7458563535912;5,24861878453039;16,5745856353591;1,10497237569061;1,10497237569061;1,10497237569061;0,552486187845304;0,276243093922652;0,276243093922652
"1464";710;7;73;117;76;44;82;2;3;7;0;0;1;18,0246913580247;28,8888888888889;18,7654320987654;10,8641975308642;20,2469135802469;0,493827160493827;0,740740740740741;1,72839506172839;0;0;0,246913580246914
"1475";711;7;76;127;80;24;49;6;0;9;1;2;1;20,2666666666667;33,8666666666667;21,3333333333333;6,4;13,0666666666667;1,6;0;2,4;0,266666666666667;0,533333333333333;0,266666666666667
"1486";712;7;87;169;59;13;42;4;1;6;0;2;1;22,65625;44,0104166666667;15,3645833333333;3,38541666666667;10,9375;1,04166666666667;0,260416666666667;1,5625;0;0,520833333333333;0,260416666666667
"1497";713;7;78;166;70;16;49;5;0;3;0;0;1;20,1030927835052;42,7835051546392;18,0412371134021;4,12371134020619;12,6288659793814;1,28865979381443;0;0,77319587628866;0;0;0,257731958762887
"1508";714;7;75;112;76;14;52;8;0;5;0;0;1;21,865889212828;32,6530612244898;22,1574344023324;4,08163265306122;15,1603498542274;2,33236151603499;0;1,45772594752187;0;0;0,291545189504373
"1519";801;8;54;153;59;66;81;5;2;14;0;0;2;12,3853211009174;35,0917431192661;13,5321100917431;15,1376146788991;18,5779816513761;1,14678899082569;0,458715596330275;3,21100917431193;0;0;0,458715596330275
"1530";802;8;52;140;53;47;49;1;0;12;2;0;1;14,5658263305322;39,2156862745098;14,8459383753501;13,1652661064426;13,7254901960784;0,280112044817927;0;3,36134453781513;0,560224089635854;0;0,280112044817927
"1541";803;8;51;166;38;66;70;4;1;12;0;0;0;12,5;40,6862745098039;9,31372549019608;16,1764705882353;17,156862745098;0,980392156862745;0,245098039215686;2,94117647058824;0;0;0
"1552";804;8;51;158;41;98;102;6;0;10;1;3;0;10,8510638297872;33,6170212765957;8,72340425531915;20,8510638297872;21,7021276595745;1,27659574468085;0;2,12765957446809;0,212765957446809;0,638297872340425;0
"1563";805;8;46;122;42;119;87;2;0;21;0;0;0;10,4783599088838;27,7904328018223;9,56719817767654;27,1070615034169;19,8177676537585;0,455580865603645;0;4,78359908883827;0;0;0
"1574";806;8;41;216;61;59;79;6;0;8;1;0;0;8,70488322717622;45,859872611465;12,9511677282378;12,5265392781316;16,7728237791932;1,27388535031847;0;1,69851380042463;0,212314225053079;0;0
"1585";807;8;47;180;55;61;78;11;0;15;0;2;4;10,3752759381898;39,7350993377483;12,1412803532009;13,4657836644592;17,2185430463576;2,42825607064018;0;3,3112582781457;0;0,441501103752759;0,883002207505519
"1596";808;8;48;232;43;60;56;4;3;19;0;3;1;10,2345415778252;49,4669509594883;9,16844349680171;12,7931769722815;11,9402985074627;0,852878464818763;0,639658848614073;4,05117270788913;0;0,639658848614073;0,213219616204691
"1607";809;8;38;151;49;45;72;5;1;6;3;1;4;10,1333333333333;40,2666666666667;13,0666666666667;12;19,2;1,33333333333333;0,266666666666667;1,6;0,8;0,266666666666667;1,06666666666667
"1618";810;8;61;186;55;50;60;15;1;11;0;2;1;13,8009049773756;42,0814479638009;12,4434389140271;11,3122171945701;13,5746606334842;3,39366515837104;0,226244343891403;2,48868778280543;0;0,452488687782805;0,226244343891403
"1629";811;8;53;138;43;65;84;9;3;8;1;1;2;13,022113022113;33,9066339066339;10,5651105651106;15,970515970516;20,6388206388206;2,21130221130221;0,737100737100737;1,96560196560197;0,245700245700246;0,245700245700246;0,491400491400491
"1640";812;8;38;205;63;46;56;4;1;9;1;0;0;8,98345153664303;48,4633569739953;14,8936170212766;10,8747044917258;13,2387706855792;0,945626477541371;0,236406619385343;2,12765957446809;0,236406619385343;0;0
"1651";813;8;75;202;57;48;97;7;3;10;2;0;3;14,8809523809524;40,0793650793651;11,3095238095238;9,52380952380952;19,2460317460317;1,38888888888889;0,595238095238095;1,98412698412698;0,396825396825397;0;0,595238095238095
"1662";814;8;67;186;65;53;60;1;2;10;0;0;2;15,0224215246637;41,7040358744395;14,5739910313901;11,8834080717489;13,4529147982063;0,224215246636771;0,448430493273543;2,24215246636771;0;0;0,448430493273543
"1673";815;8;82;193;83;43;78;6;3;12;1;2;4;16,1735700197239;38,0670611439842;16,370808678501;8,48126232741617;15,3846153846154;1,18343195266272;0,591715976331361;2,36686390532544;0,19723865877712;0,394477317554241;0,788954635108481
"1684";816;8;1134;3130;1059;1348;1624;129;47;198;24;11;18;13,0016051364366;35,8862646182068;12,141710616831;15,4551708323779;18,6195826645265;1,47901857372162;0,538867232286173;2,27012153175877;0,27516624627379;0,126117862875487;0,206374684705343
"1695";901;9;47;183;49;56;49;1;1;15;0;0;3;11,6336633663366;45,2970297029703;12,1287128712871;13,8613861386139;12,1287128712871;0,247524752475248;0,247524752475248;3,71287128712871;0;0;0,742574257425743
"1706";902;9;37;184;47;60;90;4;1;11;0;1;3;8,44748858447489;42,0091324200913;10,7305936073059;13,6986301369863;20,5479452054795;0,91324200913242;0,228310502283105;2,51141552511416;0;0,228310502283105;0,684931506849315
"1717";903;9;45;172;54;51;75;7;2;14;0;0;1;10,6888361045131;40,855106888361;12,8266033254157;12,1140142517815;17,8147268408551;1,66270783847981;0,475059382422803;3,32541567695962;0;0;0,237529691211401
"1728";904;9;32;108;30;59;66;4;3;6;2;0;0;10,3225806451613;34,8387096774194;9,67741935483871;19,0322580645161;21,2903225806452;1,29032258064516;0,967741935483871;1,93548387096774;0,645161290322581;0;0
"1739";905;9;41;128;57;35;88;2;2;10;0;0;1;11,2637362637363;35,1648351648352;15,6593406593407;9,61538461538462;24,1758241758242;0,549450549450549;0,549450549450549;2,74725274725275;0;0;0,274725274725275
"1750";906;9;22;189;82;40;35;2;1;13;2;0;0;5,69948186528497;48,9637305699482;21,2435233160622;10,3626943005181;9,06735751295337;0,518134715025907;0,259067357512953;3,36787564766839;0,518134715025907;0;0
"1761";907;9;39;207;47;62;68;13;1;12;1;1;1;8,6283185840708;45,7964601769911;10,3982300884956;13,716814159292;15,0442477876106;2,87610619469027;0,221238938053097;2,65486725663717;0,221238938053097;0,221238938053097;0,221238938053097
"1772";908;9;43;199;42;60;59;3;1;7;0;0;1;10,3614457831325;47,9518072289157;10,1204819277108;14,4578313253012;14,2168674698795;0,72289156626506;0,240963855421687;1,68674698795181;0;0;0,240963855421687
"1783";909;9;46;185;51;34;85;7;3;6;0;0;2;10,9785202863962;44,1527446300716;12,1718377088305;8,1145584725537;20,2863961813842;1,67064439140811;0,715990453460621;1,43198090692124;0;0;0,477326968973747
"1794";910;9;47;203;57;57;61;7;4;8;0;0;5;10,467706013363;45,2115812917595;12,6948775055679;12,6948775055679;13,5857461024499;1,55902004454343;0,89086859688196;1,78173719376392;0;0;1,11358574610245
"1805";911;9;49;225;87;62;63;8;2;7;1;0;1;9,7029702970297;44,5544554455446;17,2277227722772;12,2772277227723;12,4752475247525;1,58415841584158;0,396039603960396;1,38613861386139;0,198019801980198;0;0,198019801980198
"1816";912;9;43;185;51;62;83;4;6;9;1;1;1;9,64125560538117;41,4798206278027;11,4349775784753;13,9013452914798;18,609865470852;0,896860986547085;1,34529147982063;2,01793721973094;0,224215246636771;0,224215246636771;0,224215246636771
"1827";913;9;57;131;40;35;80;7;1;17;0;1;1;15,4054054054054;35,4054054054054;10,8108108108108;9,45945945945946;21,6216216216216;1,89189189189189;0,27027027027027;4,59459459459459;0;0,27027027027027;0,27027027027027
"1838";1001;10;41;127;23;39;56;3;0;7;0;1;0;13,8047138047138;42,7609427609428;7,74410774410774;13,1313131313131;18,8552188552189;1,01010101010101;0;2,35690235690236;0;0,336700336700337;0
"1849";1002;10;43;110;33;37;60;2;2;9;0;1;3;14,3333333333333;36,6666666666667;11;12,3333333333333;20;0,666666666666667;0,666666666666667;3;0;0,333333333333333;1
"1860";1003;10;48;162;36;61;62;5;1;15;0;0;3;12,2137404580153;41,2213740458015;9,16030534351145;15,5216284987277;15,7760814249364;1,27226463104326;0,254452926208651;3,81679389312977;0;0;0,763358778625954
"1871";1004;10;70;144;55;54;69;5;3;6;0;0;1;17,1990171990172;35,3808353808354;13,5135135135135;13,2678132678133;16,953316953317;1,22850122850123;0,737100737100737;1,47420147420147;0;0;0,245700245700246
"1882";1005;10;42;167;40;42;80;10;4;9;0;2;1;10,5793450881612;42,0654911838791;10,0755667506297;10,5793450881612;20,1511335012594;2,51889168765743;1,00755667506297;2,26700251889169;0;0,503778337531486;0,251889168765743
"1893";1006;10;27;154;41;52;61;8;4;12;0;0;1;7,5;42,7777777777778;11,3888888888889;14,4444444444444;16,9444444444444;2,22222222222222;1,11111111111111;3,33333333333333;0;0;0,277777777777778
"1904";1007;10;47;180;50;41;48;8;7;10;0;0;1;11,9897959183673;45,9183673469388;12,7551020408163;10,4591836734694;12,2448979591837;2,04081632653061;1,78571428571429;2,55102040816327;0;0;0,255102040816327
"1915";1101;11;34;164;33;52;72;1;7;5;0;1;1;9,18918918918919;44,3243243243243;8,91891891891892;14,0540540540541;19,4594594594595;0,27027027027027;1,89189189189189;1,35135135135135;0;0,27027027027027;0,27027027027027
"1926";1102;11;31;218;47;64;70;9;1;10;0;1;1;6,85840707964602;48,2300884955752;10,3982300884956;14,1592920353982;15,4867256637168;1,99115044247788;0,221238938053097;2,21238938053097;0;0,221238938053097;0,221238938053097
"1937";1103;11;35;222;22;74;58;5;4;9;2;1;0;8,10185185185185;51,3888888888889;5,09259259259259;17,1296296296296;13,4259259259259;1,15740740740741;0,925925925925926;2,08333333333333;0,462962962962963;0,231481481481481;0
"1948";1104;11;47;152;30;74;84;3;3;8;2;0;0;11,6625310173697;37,7171215880893;7,44416873449131;18,3622828784119;20,8436724565757;0,744416873449132;0,744416873449132;1,98511166253102;0,496277915632754;0;0
"1959";1105;11;35;220;54;59;74;3;3;16;1;0;0;7,52688172043011;47,3118279569892;11,6129032258065;12,6881720430108;15,9139784946237;0,645161290322581;0,645161290322581;3,44086021505376;0,21505376344086;0;0
"1970";1106;11;38;210;40;59;74;3;4;17;1;0;2;8,48214285714286;46,875;8,92857142857143;13,1696428571429;16,5178571428571;0,669642857142857;0,892857142857143;3,79464285714286;0,223214285714286;0;0,446428571428571
"1981";1107;11;46;193;36;76;73;4;0;14;3;0;1;10,3139013452915;43,2735426008969;8,07174887892377;17,0403587443946;16,3677130044843;0,896860986547085;0;3,1390134529148;0,672645739910314;0;0,224215246636771
"1992";1108;11;48;219;50;66;82;7;1;15;1;0;2;9,77596741344195;44,6028513238289;10,183299389002;13,4419551934827;16,7006109979633;1,42566191446029;0,203665987780041;3,05498981670061;0,203665987780041;0;0,407331975560081
"2003";1109;11;61;306;80;71;87;3;6;20;0;1;0;9,60629921259843;48,1889763779528;12,5984251968504;11,1811023622047;13,7007874015748;0,47244094488189;0,94488188976378;3,1496062992126;0;0,15748031496063;0
"2014";1201;12;78;118;67;45;80;7;15;8;1;0;1;18,5714285714286;28,0952380952381;15,952380952381;10,7142857142857;19,047619047619;1,66666666666667;3,57142857142857;1,9047619047619;0,238095238095238;0;0,238095238095238
"2025";1202;12;66;133;62;19;71;5;2;5;1;0;0;18,1318681318681;36,5384615384615;17,032967032967;5,21978021978022;19,5054945054945;1,37362637362637;0,549450549450549;1,37362637362637;0,274725274725275;0;0
"2036";1203;12;69;146;49;51;79;5;4;4;0;2;1;16,8292682926829;35,609756097561;11,9512195121951;12,4390243902439;19,2682926829268;1,21951219512195;0,975609756097561;0,975609756097561;0;0,48780487804878;0,24390243902439
"2047";1204;12;96;261;57;139;106;4;1;14;2;0;1;14,0969162995595;38,3259911894273;8,37004405286344;20,4111600587372;15,5653450807636;0,587371512481645;0,146842878120411;2,05580029368576;0,293685756240822;0;0,146842878120411
"2058";1205;12;80;169;38;58;86;8;7;13;0;0;1;17,3913043478261;36,7391304347826;8,26086956521739;12,6086956521739;18,695652173913;1,73913043478261;1,52173913043478;2,82608695652174;0;0;0,217391304347826
"2069";1206;12;69;111;32;75;88;5;2;12;2;3;1;17,25;27,75;8;18,75;22;1,25;0,5;3;0,5;0,75;0,25
"2080";1207;12;87;165;47;43;70;8;1;9;0;0;0;20,2325581395349;38,3720930232558;10,9302325581395;10;16,2790697674419;1,86046511627907;0,232558139534884;2,09302325581395;0;0;0
"2091";1208;12;82;101;55;35;81;3;9;11;0;2;1;21,5789473684211;26,5789473684211;14,4736842105263;9,21052631578947;21,3157894736842;0,789473684210526;2,36842105263158;2,89473684210526;0;0,526315789473684;0,263157894736842
"2102";1209;12;79;186;37;42;80;6;6;11;2;2;5;17,3245614035088;40,7894736842105;8,1140350877193;9,21052631578947;17,5438596491228;1,31578947368421;1,31578947368421;2,41228070175439;0,43859649122807;0,43859649122807;1,09649122807018
"2113";1210;12;90;135;39;69;73;9;3;13;0;1;2;20,7373271889401;31,1059907834101;8,98617511520737;15,8986175115207;16,8202764976959;2,07373271889401;0,691244239631336;2,99539170506912;0;0,230414746543779;0,460829493087558
"2124";1211;12;76;153;51;29;73;14;3;8;0;0;2;18,5819070904645;37,4083129584352;12,4694376528117;7,09046454767726;17,8484107579462;3,42298288508557;0,733496332518337;1,9559902200489;0;0;0,488997555012225
"2135";1212;12;71;186;70;55;73;5;0;13;1;0;0;14,9789029535865;39,2405063291139;14,7679324894515;11,6033755274262;15,4008438818565;1,05485232067511;0;2,74261603375527;0,210970464135021;0;0
"2146";1213;12;95;190;53;42;84;4;6;8;0;0;0;19,7095435684647;39,4190871369295;10,9958506224066;8,71369294605809;17,4273858921162;0,829875518672199;1,2448132780083;1,6597510373444;0;0;0
"2157";1214;12;63;164;39;54;88;7;3;21;1;1;4;14,1573033707865;36,8539325842697;8,76404494382022;12,1348314606742;19,7752808988764;1,57303370786517;0,674157303370786;4,71910112359551;0,224719101123596;0,224719101123596;0,898876404494382
"2168";1215;12;77;169;52;49;96;6;2;10;1;1;0;16,6306695464363;36,5010799136069;11,2311015118791;10,5831533477322;20,7343412526998;1,29589632829374;0,431965442764579;2,15982721382289;0,215982721382289;0,215982721382289;0
"2179";1216;12;95;203;61;41;81;4;9;7;0;0;0;18,9620758483034;40,5189620758483;12,1756487025948;8,18363273453094;16,1676646706587;0,798403193612774;1,79640718562874;1,39720558882236;0;0;0
"2190";1217;12;84;174;57;47;91;9;7;17;0;0;1;17,2484599589322;35,7289527720739;11,7043121149897;9,65092402464066;18,6858316221766;1,84804928131417;1,43737166324435;3,49075975359343;0;0;0,205338809034908
"2201";1218;12;72;182;67;42;73;9;8;10;3;1;1;15,3846153846154;38,8888888888889;14,3162393162393;8,97435897435897;15,5982905982906;1,92307692307692;1,70940170940171;2,13675213675214;0,641025641025641;0,213675213675214;0,213675213675214
"2212";1219;12;75;229;52;46;46;11;5;10;1;1;2;15,6903765690377;47,907949790795;10,8786610878661;9,6234309623431;9,6234309623431;2,30125523012552;1,04602510460251;2,09205020920502;0,209205020920502;0,209205020920502;0,418410041841004
"2223";1301;13;82;88;79;16;62;5;2;6;0;0;0;24,1176470588235;25,8823529411765;23,2352941176471;4,70588235294118;18,2352941176471;1,47058823529412;0,588235294117647;1,76470588235294;0;0;0
"2234";1302;13;67;135;46;20;85;5;1;10;1;1;1;18,010752688172;36,2903225806452;12,3655913978495;5,37634408602151;22,8494623655914;1,34408602150538;0,268817204301075;2,68817204301075;0,268817204301075;0,268817204301075;0,268817204301075
"2245";1303;13;60;46;47;8;40;5;1;8;0;0;0;27,906976744186;21,3953488372093;21,8604651162791;3,72093023255814;18,6046511627907;2,32558139534884;0,465116279069767;3,72093023255814;0;0;0
"2256";1304;13;68;97;50;22;63;5;2;1;0;1;2;21,8649517684887;31,1897106109325;16,0771704180064;7,07395498392283;20,2572347266881;1,60771704180064;0,643086816720257;0,321543408360129;0;0,321543408360129;0,643086816720257
"2267";1305;13;74;90;52;31;54;9;3;6;0;0;2;23,0529595015576;28,0373831775701;16,1993769470405;9,65732087227414;16,8224299065421;2,80373831775701;0,934579439252336;1,86915887850467;0;0;0,623052959501558
"2278";1306;13;46;126;42;34;63;9;2;4;0;0;0;14,1104294478528;38,6503067484663;12,8834355828221;10,4294478527607;19,3251533742331;2,76073619631902;0,613496932515337;1,22699386503067;0;0;0
"2289";1307;13;83;52;65;5;36;5;1;2;0;0;1;33,2;20,8;26;2;14,4;2;0,4;0,8;0;0;0,4
"2300";1308;13;80;131;85;38;66;3;0;7;2;0;1;19,3704600484261;31,7191283292978;20,5811138014528;9,20096852300242;15,9806295399516;0,726392251815981;0;1,69491525423729;0,484261501210654;0;0,242130750605327
"2311";1309;13;64;127;62;19;47;13;3;5;0;1;2;18,6588921282799;37,0262390670554;18,0758017492711;5,53935860058309;13,7026239067055;3,79008746355685;0,87463556851312;1,45772594752187;0;0,291545189504373;0,583090379008746
"2322";1310;13;60;111;52;45;76;13;4;11;2;0;0;16,0427807486631;29,6791443850267;13,903743315508;12,0320855614973;20,3208556149733;3,47593582887701;1,06951871657754;2,94117647058824;0,53475935828877;0;0
"2333";1311;13;49;79;66;13;50;13;2;11;0;0;1;17,2535211267606;27,8169014084507;23,2394366197183;4,57746478873239;17,6056338028169;4,57746478873239;0,704225352112676;3,87323943661972;0;0;0,352112676056338
"2344";1312;13;42;44;40;7;27;5;0;1;0;0;0;25,3012048192771;26,5060240963855;24,0963855421687;4,21686746987952;16,2650602409639;3,01204819277108;0;0,602409638554217;0;0;0
"2355";1401;14;67;116;60;49;80;5;7;16;0;0;1;16,7082294264339;28,927680798005;14,9625935162095;12,2194513715711;19,9501246882793;1,24688279301746;1,74563591022444;3,99002493765586;0;0;0,249376558603491
"2366";1402;14;65;104;84;22;63;3;2;8;0;1;2;18,361581920904;29,3785310734463;23,728813559322;6,21468926553672;17,7966101694915;0,847457627118644;0,564971751412429;2,25988700564972;0;0,282485875706215;0,564971751412429
"2377";1403;14;78;66;48;13;69;2;0;6;0;0;5;27,1777003484321;22,9965156794425;16,7247386759582;4,52961672473868;24,0418118466899;0,696864111498258;0;2,09059233449477;0;0;1,74216027874564
"2388";1404;14;39;72;49;28;56;1;1;7;0;0;0;15,4150197628458;28,4584980237154;19,3675889328063;11,0671936758893;22,1343873517787;0,395256916996047;0,395256916996047;2,76679841897233;0;0;0
"2399";1405;14;50;112;56;41;65;7;1;6;1;0;3;14,6198830409357;32,7485380116959;16,374269005848;11,9883040935673;19,0058479532164;2,04678362573099;0,292397660818713;1,75438596491228;0,292397660818713;0;0,87719298245614
"2410";1406;14;44;74;66;20;72;3;1;5;0;0;0;15,4385964912281;25,9649122807018;23,1578947368421;7,01754385964912;25,2631578947368;1,05263157894737;0,350877192982456;1,75438596491228;0;0;0
"2421";1407;14;54;68;87;20;56;2;4;7;1;0;0;18,0602006688963;22,742474916388;29,0969899665552;6,68896321070234;18,7290969899666;0,668896321070234;1,33779264214047;2,34113712374582;0,334448160535117;0;0
"2432";1408;14;76;152;78;45;70;6;4;19;2;0;0;16,8141592920354;33,6283185840708;17,2566371681416;9,95575221238938;15,4867256637168;1,32743362831858;0,884955752212389;4,20353982300885;0,442477876106195;0;0
"2443";1409;14;69;130;97;29;98;5;1;10;0;5;1;15,5056179775281;29,2134831460674;21,7977528089888;6,51685393258427;22,0224719101124;1,12359550561798;0,224719101123596;2,24719101123596;0;1,12359550561798;0,224719101123596
"2454";1410;14;68;191;71;63;102;1;4;17;5;1;1;12,9770992366412;36,4503816793893;13,5496183206107;12,0229007633588;19,4656488549618;0,190839694656489;0,763358778625954;3,24427480916031;0,954198473282443;0,190839694656489;0,190839694656489
"2465";1411;14;49;115;69;32;73;6;3;10;0;0;1;13,6871508379888;32,122905027933;19,2737430167598;8,93854748603352;20,391061452514;1,67597765363128;0,837988826815642;2,79329608938547;0;0;0,279329608938547
"2476";1412;14;81;66;67;14;56;4;2;10;0;2;0;26,8211920529801;21,8543046357616;22,1854304635762;4,63576158940397;18,5430463576159;1,32450331125828;0,662251655629139;3,3112582781457;0;0,662251655629139;0
"2487";1413;14;70;63;55;24;71;7;0;10;0;1;2;23,1023102310231;20,7920792079208;18,1518151815182;7,92079207920792;23,4323432343234;2,31023102310231;0;3,3003300330033;0;0,33003300330033;0,66006600660066
"2498";1414;14;65;65;49;14;86;9;0;5;1;0;1;22,0338983050847;22,0338983050847;16,6101694915254;4,74576271186441;29,1525423728814;3,05084745762712;0;1,69491525423729;0,338983050847458;0;0,338983050847458
"2509";1415;14;82;150;73;35;56;6;0;8;1;1;1;19,8547215496368;36,319612590799;17,6755447941889;8,47457627118644;13,5593220338983;1,45278450363196;0;1,93704600484262;0,242130750605327;0,242130750605327;0,242130750605327
"2520";1416;14;53;115;74;39;63;10;2;6;0;0;1;14,6005509641873;31,6804407713499;20,3856749311295;10,7438016528926;17,3553719008264;2,75482093663912;0,550964187327824;1,65289256198347;0;0;0,275482093663912
"2531";1417;14;60;103;35;47;54;6;1;12;0;1;1;18,75;32,1875;10,9375;14,6875;16,875;1,875;0,3125;3,75;0;0,3125;0,3125
"2542";1418;14;47;153;39;45;71;4;4;10;1;0;1;12,5333333333333;40,8;10,4;12;18,9333333333333;1,06666666666667;1,06666666666667;2,66666666666667;0,266666666666667;0;0,266666666666667
"2553";1419;14;63;142;69;56;79;5;1;8;0;1;1;14,8235294117647;33,4117647058824;16,2352941176471;13,1764705882353;18,5882352941176;1,17647058823529;0,235294117647059;1,88235294117647;0;0,235294117647059;0,235294117647059
"2564";1501;15;36;108;59;22;63;4;3;9;0;0;0;11,8421052631579;35,5263157894737;19,4078947368421;7,23684210526316;20,7236842105263;1,31578947368421;0,986842105263158;2,96052631578947;0;0;0
"2575";1502;15;82;143;83;22;64;15;0;5;1;0;0;19,7590361445783;34,4578313253012;20;5,30120481927711;15,421686746988;3,6144578313253;0;1,20481927710843;0,240963855421687;0;0
"2586";1503;15;116;88;60;12;79;2;0;8;0;0;1;31,6939890710383;24,0437158469945;16,3934426229508;3,27868852459016;21,5846994535519;0,546448087431694;0;2,18579234972678;0;0;0,273224043715847
"2597";1504;15;56;82;43;16;93;2;1;6;1;2;2;18,4210526315789;26,9736842105263;14,1447368421053;5,26315789473684;30,5921052631579;0,657894736842105;0,328947368421053;1,97368421052632;0,328947368421053;0,657894736842105;0,657894736842105
"2608";1505;15;98;142;95;40;103;6;5;7;0;0;2;19,6787148594378;28,5140562248996;19,0763052208835;8,03212851405623;20,6827309236948;1,20481927710843;1,00401606425703;1,40562248995984;0;0;0,401606425702811
"2619";1506;15;53;90;88;19;73;10;1;1;0;1;1;15,727002967359;26,7062314540059;26,1127596439169;5,6379821958457;21,6617210682493;2,9673590504451;0,29673590504451;0,29673590504451;0;0,29673590504451;0,29673590504451
"2630";1507;15;67;131;84;25;75;6;1;7;0;0;1;16,8765743073048;32,9974811083123;21,1586901763224;6,29722921914358;18,8916876574307;1,51133501259446;0,251889168765743;1,7632241813602;0;0;0,251889168765743
"2641";1508;15;83;61;71;6;83;5;0;5;0;0;0;26,4331210191083;19,4267515923567;22,6114649681529;1,91082802547771;26,4331210191083;1,59235668789809;0;1,59235668789809;0;0;0
"2652";1509;15;40;99;45;13;80;3;1;4;0;0;0;14,0350877192982;34,7368421052632;15,7894736842105;4,56140350877193;28,0701754385965;1,05263157894737;0,350877192982456;1,40350877192982;0;0;0
"2663";1510;15;127;46;60;11;60;7;0;3;0;0;0;40,4458598726115;14,6496815286624;19,1082802547771;3,5031847133758;19,1082802547771;2,22929936305732;0;0,955414012738854;0;0;0
"2674";1511;15;61;148;50;16;56;2;1;8;1;3;0;17,6300578034682;42,7745664739884;14,4508670520231;4,6242774566474;16,1849710982659;0,578034682080925;0,289017341040462;2,3121387283237;0,289017341040462;0,867052023121387;0
"2685";1512;15;83;175;97;66;86;6;2;9;0;4;1;15,6899810964083;33,0812854442344;18,3364839319471;12,476370510397;16,2570888468809;1,13421550094518;0,378071833648393;1,70132325141777;0;0,756143667296786;0,189035916824197
"2696";1513;15;83;113;75;26;67;7;2;6;2;0;0;21,7847769028871;29,6587926509186;19,6850393700787;6,8241469816273;17,5853018372703;1,83727034120735;0,5249343832021;1,5748031496063;0,5249343832021;0;0
"2707";1514;15;61;123;55;26;84;9;2;6;0;0;3;16,5311653116531;33,3333333333333;14,9051490514905;7,04607046070461;22,7642276422764;2,4390243902439;0,5420054200542;1,6260162601626;0;0;0,813008130081301
"2718";1515;15;44;155;88;36;57;11;1;6;4;0;1;10,9181141439206;38,4615384615385;21,8362282878412;8,93300248138958;14,1439205955335;2,72952853598015;0,248138957816377;1,48883374689826;0,992555831265509;0;0,248138957816377
"2729";1516;15;33;19;3;5;7;0;0;1;0;0;0;48,5294117647059;27,9411764705882;4,41176470588235;7,35294117647059;10,2941176470588;0;0;1,47058823529412;0;0;0
"2740";1601;16;81;120;57;22;52;7;5;13;1;0;5;22,3140495867769;33,0578512396694;15,702479338843;6,06060606060606;14,3250688705234;1,92837465564738;1,37741046831956;3,58126721763085;0,275482093663912;0;1,37741046831956
"2751";1602;16;61;121;59;29;71;4;3;10;0;0;0;17,0391061452514;33,7988826815642;16,4804469273743;8,10055865921788;19,8324022346369;1,11731843575419;0,837988826815642;2,79329608938547;0;0;0
"2762";1603;16;51;129;63;18;88;8;2;6;0;1;1;13,8964577656676;35,149863760218;17,1662125340599;4,90463215258856;23,9782016348774;2,17983651226158;0,544959128065395;1,63487738419619;0;0,272479564032698;0,272479564032698
"2773";1604;16;75;114;63;18;58;5;1;3;1;0;2;22,0588235294118;33,5294117647059;18,5294117647059;5,29411764705882;17,0588235294118;1,47058823529412;0,294117647058824;0,882352941176471;0,294117647058824;0;0,588235294117647
"2784";1605;16;77;145;59;37;71;4;1;3;1;0;2;19,25;36,25;14,75;9,25;17,75;1;0,25;0,75;0,25;0;0,5
"2795";1606;16;77;126;57;20;85;3;9;6;0;0;0;20,1044386422977;32,8981723237598;14,8825065274151;5,22193211488251;22,1932114882507;0,783289817232376;2,34986945169713;1,56657963446475;0;0;0
"2806";1607;16;93;79;74;11;70;12;7;5;1;2;0;26,271186440678;22,316384180791;20,9039548022599;3,10734463276836;19,774011299435;3,38983050847458;1,9774011299435;1,41242937853107;0,282485875706215;0,564971751412429;0
"2817";1608;16;50;86;77;20;80;9;1;4;0;0;0;15,2905198776758;26,2996941896024;23,5474006116208;6,11620795107034;24,4648318042813;2,75229357798165;0,305810397553517;1,22324159021407;0;0;0
"2828";1609;16;120;168;102;36;76;6;2;12;0;0;0;22,9885057471264;32,183908045977;19,5402298850575;6,89655172413793;14,5593869731801;1,14942528735632;0,383141762452107;2,29885057471264;0;0;0
"2839";1610;16;102;164;90;19;65;6;4;10;0;0;1;22,1258134490239;35,5748373101952;19,5227765726681;4,12147505422994;14,0997830802603;1,30151843817787;0,867678958785249;2,16919739696312;0;0;0,216919739696312
"2850";1611;16;105;160;90;28;88;8;0;5;1;1;1;21,5605749486653;32,8542094455852;18,4804928131417;5,74948665297741;18,0698151950719;1,64271047227926;0;1,02669404517454;0,205338809034908;0,205338809034908;0,205338809034908
"2861";1612;16;85;121;68;13;77;2;0;8;3;0;1;22,4867724867725;32,010582010582;17,989417989418;3,43915343915344;20,3703703703704;0,529100529100529;0;2,11640211640212;0,793650793650794;0;0,264550264550265
"2872";1613;16;94;107;65;14;74;2;0;4;0;0;0;26,1111111111111;29,7222222222222;18,0555555555556;3,88888888888889;20,5555555555556;0,555555555555556;0;1,11111111111111;0;0;0
"2883";1614;16;78;266;82;48;71;8;6;11;0;0;1;13,6602451838879;46,584938704028;14,3607705779334;8,40630472854641;12,4343257443082;1,40105078809107;1,0507880910683;1,92644483362522;0;0;0,175131348511384
"2894";1701;17;55;138;80;33;73;6;1;4;0;0;2;14,030612244898;35,2040816326531;20,4081632653061;8,41836734693877;18,6224489795918;1,53061224489796;0,255102040816327;1,02040816326531;0;0;0,510204081632653
"2905";1702;17;73;111;68;33;48;7;1;12;0;0;0;20,6798866855524;31,4447592067989;19,2634560906516;9,34844192634561;13,5977337110482;1,98300283286119;0,28328611898017;3,39943342776204;0;0;0
"2916";1703;17;62;85;87;15;42;5;1;5;0;2;5;20,0647249190939;27,5080906148867;28,1553398058252;4,85436893203883;13,5922330097087;1,61812297734628;0,323624595469256;1,61812297734628;0;0,647249190938511;1,61812297734628
"2927";1704;17;75;134;101;28;88;6;6;12;1;1;2;16,5198237885463;29,5154185022026;22,2466960352423;6,16740088105727;19,3832599118943;1,3215859030837;1,3215859030837;2,6431718061674;0,220264317180617;0,220264317180617;0,440528634361234
"2938";1705;17;67;104;57;16;39;10;4;10;0;0;1;21,7532467532468;33,7662337662338;18,5064935064935;5,19480519480519;12,6623376623377;3,24675324675325;1,2987012987013;3,24675324675325;0;0;0,324675324675325
"2949";1706;17;76;131;74;24;65;4;0;8;0;0;4;19,6891191709845;33,9378238341969;19,1709844559585;6,21761658031088;16,839378238342;1,03626943005181;0;2,07253886010363;0;0;1,03626943005181
"2960";1707;17;86;111;82;32;74;16;4;8;1;0;0;20,7729468599034;26,8115942028986;19,8067632850242;7,72946859903382;17,8743961352657;3,86473429951691;0,966183574879227;1,93236714975845;0,241545893719807;0;0
"2971";2798;27;684;1891;535;815;814;55;31;163;13;6;16;13,6173601433406;37,6468246068087;10,6510053752737;16,225363328688;16,2054549074258;1,09496316942066;0,617161059128011;3,24507266573761;0,258809476408521;0,119450527573163;0,318534740195103
"2982";2799;27;159;273;42;21;55;4;1;4;0;1;0;28,3928571428571;48,75;7,5;3,75;9,82142857142857;0,714285714285714;0,178571428571429;0,714285714285714;0;0,178571428571429;0
